class,rank,word,weight
cocoa,1,conditions,5.750073956872973
cocoa,2,restrictions,2.7373330487021117
cocoa,3,latest,2.543039345877612
cocoa,4,sterling,1.4546163865856632
cocoa,5,rose conditions,1.3119921773096022
cocoa,6,legislation,1.223258967775457
cocoa,7,shares,1.0909512194298265
cocoa,8,latest legislation,0.984922449427502
cocoa,9,near,0.9003094415753148
cocoa,10,745,0.8678100158799972
grain,1,non,5.407415515376148
grain,2,public,4.229333178467024
grain,3,shipment,3.083122631945354
grain,4,greater,2.991034303614759
grain,5,shares,2.6013286601597008
grain,6,set,2.5073982028113644
grain,7,president,1.77236413199689
grain,8,coal,1.7468405089607697
grain,9,necessary,1.727403997683402
grain,10,86,1.7116534022573116
veg-oil,1,role,4.278420295084929
veg-oil,2,facility,3.1264096534850454
veg-oil,3,operation,2.4175922619138377
veg-oil,4,shares,1.9212622260437384
veg-oil,5,american,1.6577473367867757
veg-oil,6,congress,1.4956323148935957
veg-oil,7,hoped,1.379782666486059
veg-oil,8,afternoon,1.2565475843329097
veg-oil,9,facility operation,1.2509382352490535
veg-oil,10,dlrs shares,1.2022205824666905
earn,1,mln,7.843960605431763
earn,2,shrs,4.590715876770692
earn,3,loss,3.952397617327041
earn,4,22,3.943583430528748
earn,5,current,3.699477443461036
earn,6,200,3.117688663604852
earn,7,increased,2.94933805650318
earn,8,payments,2.879557912658553
earn,9,said,2.447051314306481
earn,10,agreement,2.3238064648780785
acq,1,market,4.81184977325043
acq,2,based,4.284790137179513
acq,3,shr,3.8332077185305122
acq,4,nil,3.475649359979803
acq,5,loss,3.152650197572345
acq,6,action,3.13161092894535
acq,7,dollar,2.9215473814178505
acq,8,90,2.5578851333088686
acq,9,term,2.502967959672359
acq,10,exchange,2.3266444178231045
wheat,1,shares,2.181822510707795
wheat,2,dlrs shares,1.5870530324568068
wheat,3,non,0.8855787803861918
wheat,4,prices saudi,0.8489111385256902
wheat,5,said shares,0.8417635024411667
wheat,6,pretax new,0.8375692685631322
wheat,7,saudi,0.7819822029901651
wheat,8,coal,0.7587217168303317
wheat,9,pretax,0.6845847816968111
wheat,10,predicted,0.6630874374458686
copper,1,policies,6.977504286536261
copper,2,included,2.2160911636636134
copper,3,380,2.0845959257592233
copper,4,negotiate,1.7889099293050534
copper,5,policies included,1.1115860761532401
copper,6,political vs,1.0926115025427166
copper,7,enterprises,1.0035032024685169
copper,8,losses political,0.9999805300437712
copper,9,conventional,0.9655155999108465
copper,10,investigation,0.9483713794616966
housing,1,meet,2.52816876092088
housing,2,bilateral,1.8868075797106572
housing,3,said meet,1.728879845528699
housing,4,143,1.4519860981518424
housing,5,dealer,1.2168417462927468
housing,6,produced,1.0249059203677833
housing,7,bilateral 143,1.0231036068962749
housing,8,produced crop,1.0076705130664072
housing,9,dealer meet,0.9335487638462736
housing,10,crop,0.844817942896407
money-supply,1,service,3.774831788809207
money-supply,2,markets,2.8974761564729548
money-supply,3,total,2.0830483889650546
money-supply,4,purchase,1.7908536389572265
money-supply,5,sources,1.68220556522634
money-supply,6,causing,1.663074008109243
money-supply,7,problems,1.4998897914845557
money-supply,8,told,1.3429958583462553
money-supply,9,31,1.3263458250521964
money-supply,10,service year,1.3234249319591662
coffee,1,south,7.655118610165982
coffee,2,telephone,2.6523296401837277
coffee,3,post,2.156222381420808
coffee,4,terms,1.6095081431571159
coffee,5,president,1.5761937547873897
coffee,6,5p,1.5494190520923734
coffee,7,food,1.4920575254393411
coffee,8,exposure,1.4029562720209365
coffee,9,dlrs telephone,1.2622614396467173
coffee,10,65,1.213284779311457
sugar,1,assets,8.445397668594367
sugar,2,shares,2.5556133506845073
sugar,3,businesses assets,1.7050235688637512
sugar,4,businesses,1.7042733208539138
sugar,5,list,1.5123958393946852
sugar,6,expire,1.4102917652949623
sugar,7,expects,1.4043091163964647
sugar,8,dlrs shares,1.339846317116086
sugar,9,pension,1.311912734627906
sugar,10,dlrs,1.2116362114079902
trade,1,growth,3.9229341046776085
trade,2,figures,3.620230138533664
trade,3,foreign,2.8880207296821725
trade,4,billion,2.501246583126128
trade,5,agreed,2.4970762498760863
trade,6,banks,2.4806946231093234
trade,7,14,2.3042789752439097
trade,8,problem,2.057441660315894
trade,9,48,1.8664742132278869
trade,10,decision,1.599315241851872
reserves,1,40,3.7140616513472775
reserves,2,30,2.2618664554530663
reserves,3,33,1.5775030244876744
reserves,4,dlr,1.350839957430998
reserves,5,30 1985,1.2927550288522924
reserves,6,40 total,1.235404115444072
reserves,7,1985 40,1.139611865977135
reserves,8,value,1.1234441546667193
reserves,9,rate,1.0589516668045968
reserves,10,30 40,1.001289404405769
ship,1,distribution,3.405713274044814
ship,2,field,3.0607074725940495
ship,3,chrysler,2.5969728525863554
ship,4,180,2.570914132435369
ship,5,spot,2.460953870234068
ship,6,vice,2.1278825482612773
ship,7,owners,2.0370404879500197
ship,8,million,1.9873503313881002
ship,9,outlook,1.6865373876836476
ship,10,429,1.6859290860750935
cotton,1,volume,4.811328892091954
cotton,2,bell,3.023515139239358
cotton,3,said bell,1.3094942110007786
cotton,4,soviet,1.0232662920791484
cotton,5,shift,0.7897540599830049
cotton,6,dutch,0.7747244182553515
cotton,7,restored,0.7319525924594827
cotton,8,set,0.5824771566360621
cotton,9,nippon,0.5349901737905516
cotton,10,dlrs shares,0.5279910908804047
carcass,1,estate,1.900879873832346
carcass,2,today,1.5465024947463144
carcass,3,tobacco,1.476243345471119
carcass,4,tobacco today,1.3232978760790877
carcass,5,certain,1.3055249685458177
carcass,6,october,0.9915616315261757
carcass,7,search,0.9019058636223122
carcass,8,strait,0.85116035147402
carcass,9,370,0.796291560346348
carcass,10,american,0.7951434257188951
crude,1,45,3.657134598889562
crude,2,43,3.3944912281984085
crude,3,sector,3.387209045777668
crude,4,previously,3.185508195655973
crude,5,corn,3.1771776800545797
crude,6,house,2.98486794006707
crude,7,program,2.6882880177308075
crude,8,deposit,1.9826254545245992
crude,9,20,1.869322875296825
crude,10,development,1.799461535671864
nat-gas,1,lower,4.68540521792646
nat-gas,2,joint lower,1.9839712355243686
nat-gas,3,joint,1.8386657749382225
nat-gas,4,900,1.395129810333611
nat-gas,5,limited,1.3016964275627068
nat-gas,6,previously,1.1259224706844648
nat-gas,7,crisis,1.08388015775791
nat-gas,8,exchange,1.0176518743875402
nat-gas,9,crisis 900,0.9044038974156489
nat-gas,10,totaling,0.8866155288525851
cpi,1,include,3.2607948611526467
cpi,2,reuter,2.8147269178682826
cpi,3,barrel,2.5178034556446853
cpi,4,rate,2.255617218700213
cpi,5,preferred,1.713703939953282
cpi,6,share reuter,1.6472939567989964
cpi,7,barrel april,1.569322350924554
cpi,8,bid draw,1.4316480870416008
cpi,9,april,1.396218706436008
cpi,10,draw,1.3161986449706957
money-fx,1,january,4.397039280870499
money-fx,2,markets new,2.862717032448812
money-fx,3,1985,2.818906980901331
money-fx,4,cut,2.683957073523378
money-fx,5,director,2.467367655086499
money-fx,6,new,2.2560914183667906
money-fx,7,markets,2.213388040476537
money-fx,8,companies,2.1794956029430166
money-fx,9,farmers,2.165892892526643
money-fx,10,cubic,1.9759436322725146
interest,1,quarter,4.893539554376894
interest,2,weeks,2.5564178592057982
interest,3,reuter,2.502418787285383
interest,4,weeks quarter,2.310999063543057
interest,5,economic,2.2780616707601284
interest,6,32,1.9555192784461535
interest,7,costs,1.9139334471175853
interest,8,auto,1.4494297308319535
interest,9,available reuter,1.3523263065045283
interest,10,losses,1.3233539118574593
gnp,1,31,3.1716987209486325
gnp,2,reuter,2.9783315657551728
gnp,3,increases,2.5372686557103874
gnp,4,average,2.257958316674402
gnp,5,37,2.2106107038251293
gnp,6,officer,2.1644416446467862
gnp,7,13,2.0619361222501484
gnp,8,group,1.480486317089854
gnp,9,increases reported,1.4512573764383028
gnp,10,reported 37,1.428274292711869
meal-feed,1,predicted,1.3426684237025333
meal-feed,2,severe,1.189670483222345
meal-feed,3,shares,0.799955446180572
meal-feed,4,share,0.6505701817804516
meal-feed,5,protectionism,0.6246732715293566
meal-feed,6,managers,0.5499457585093096
meal-feed,7,takeovers,0.544705996187535
meal-feed,8,unanimously,0.5012016660770776
meal-feed,9,automobile,0.48459916655436774
meal-feed,10,set,0.4501720426641808
alum,1,ceiling,4.198673991848137
alum,2,florida,2.338954400335855
alum,3,cast,1.5076371955576013
alum,4,shares,1.2487615692685348
alum,5,assays,1.1298796619655174
alum,6,subsidy,1.114785408975656
alum,7,ico,0.9367926956457052
alum,8,comdata,0.9120213877121592
alum,9,certain,0.9115461567601509
alum,10,worse,0.8452471286666264
oilseed,1,congress,3.37480845404252
oilseed,2,competition,2.0852237254632464
oilseed,3,shares,2.0691958143107296
oilseed,4,repurchase,2.049463727126516
oilseed,5,241,1.984380904728079
oilseed,6,owner,1.9429409970650087
oilseed,7,wine,1.4639388266807856
oilseed,8,dlrs shares,1.4426958615948282
oilseed,9,banks wine,1.4125052950303156
oilseed,10,operating,1.2613070448611767
gold,1,sell,7.6845137370354495
gold,2,substantial,2.53058372038195
gold,3,included,2.364357702672728
gold,4,activities,2.1637668431444155
gold,5,debate,1.6106995225464102
gold,6,offshore,1.5580048171979384
gold,7,monday,1.2923141352761023
gold,8,korea,1.2819709562154857
gold,9,900,1.2517305440377728
gold,10,upham,1.2228596147145114
tin,1,harvest,4.069045836319245
tin,2,investigation,1.836969760351189
tin,3,rose harvest,1.456322149407466
tin,4,vice,1.384380912027116
tin,5,size,1.3341959794177183
tin,6,309,1.2652607178759534
tin,7,transaction,1.007245874228947
tin,8,harvest transaction,1.001550091373401
tin,9,net size,0.9949260128017005
tin,10,rose,0.8410905778779427
strategic-metal,1,830,1.8171085250613774
strategic-metal,2,435,1.2371917833923274
strategic-metal,3,comply,1.1455897595221558
strategic-metal,4,charges,0.9821310971658541
strategic-metal,5,continue cargo,0.8732998753296015
strategic-metal,6,cargo,0.7785848518584277
strategic-metal,7,believed,0.7552965095609281
strategic-metal,8,reflected,0.6620095072950607
strategic-metal,9,summit,0.6146288301321167
strategic-metal,10,continue,0.5859537418608388
livestock,1,1983,2.9441877295429295
livestock,2,estate,2.316875288673542
livestock,3,today,2.1986584211271696
livestock,4,said away,1.6666306482063384
livestock,5,112,1.64692802928115
livestock,6,annually,1.5233726987608467
livestock,7,away,1.5181456696491056
livestock,8,port,1.357106625638171
livestock,9,set,1.3474636263345805
livestock,10,advisory,1.2856534497899461
retail,1,view,2.144631199915295
retail,2,reuter,1.8962533973598457
retail,3,bar,1.2345894296653441
retail,4,rate,1.1888497616648848
retail,5,produced,0.7717503594221738
retail,6,produced crop,0.750105446080533
retail,7,share reuter,0.6794884157965064
retail,8,74,0.6751034596278312
retail,9,lt,0.6652462722362027
retail,10,boycott,0.6528729837673801
ipi,1,35,2.893455006014354
ipi,2,35 20,2.643313457911309
ipi,3,20,2.5617262588630383
ipi,4,economy,2.2189991702553518
ipi,5,reuter,1.964527967405058
ipi,6,35 economy,1.0665446115522876
ipi,7,japanese,1.0142901702967326
ipi,8,index,0.9919622495175434
ipi,9,preferred,0.9839968251675977
ipi,10,wage,0.8488511624881447
iron-steel,1,court,5.511174679192563
iron-steel,2,139,1.6399485517851315
iron-steel,3,said shares,1.4496438330315378
iron-steel,4,offshore,1.1255935900324219
iron-steel,5,believed,0.9468788435307557
iron-steel,6,139 believed,0.9391468438391387
iron-steel,7,latin,0.9361203829514151
iron-steel,8,protectionist,0.9265614717665736
iron-steel,9,dramatic,0.8941947225095647
iron-steel,10,shares,0.8240887375210414
rubber,1,package,4.883769287055867
rubber,2,grounds,1.965353548750558
rubber,3,joint package,1.5052424897671415
rubber,4,savings,1.2823229021686213
rubber,5,april,1.2172107958440774
rubber,6,edible,1.1252042793561856
rubber,7,rose joint,1.1180336552310326
rubber,8,joint,1.0233730738354379
rubber,9,ct,1.011765780695052
rubber,10,latest,0.9517208560154646
heat,1,levy,2.5817198037811666
heat,2,banking 333,1.852635431108883
heat,3,333,1.6725871829355523
heat,4,britain,1.613970363794406
heat,5,banking,1.456427788700263
heat,6,april,1.2000808057771515
heat,7,share means,1.079149517871202
heat,8,extend,1.0028176642536437
heat,9,means,0.8506069044028995
heat,10,committee,0.7657002158770333
jobs,1,mainly,4.482268694510998
jobs,2,enhancement,2.0007621380709546
jobs,3,reuter enhancement,1.992474301143846
jobs,4,xuto,1.6901582537531792
jobs,5,51,1.56799488100106
jobs,6,06,1.542482584495231
jobs,7,rate,1.4002478012706292
jobs,8,produced crop,1.1967130247135929
jobs,9,produced,1.1809929230016565
jobs,10,reuter,1.093040433939417
lei,1,preferred,1.9485501149571949
lei,2,share reuter,1.0295400238808183
lei,3,let,0.963877238005853
lei,4,local,0.9426137659849344
lei,5,reuter,0.8214850482104376
lei,6,share,0.7759569332702773
lei,7,slaughter,0.6384762400304187
lei,8,refinery,0.4863040515188288
lei,9,reuter central,0.47837768259540414
lei,10,obstacles,0.47269900846873686
bop,1,figures,2.8683101047656203
bop,2,rates 70,2.4685821930614082
bop,3,70,2.2874618222686802
bop,4,rates,1.3749898525287545
bop,5,said,1.265307584146617
bop,6,rate,1.2339403416218688
bop,7,need,1.0946408625869555
bop,8,said rate,1.0221510959026365
bop,9,70 figures,0.9881605257545479
bop,10,expect,0.8555075186923345
zinc,1,designed,2.8382932552109237
zinc,2,ico,0.9403287536592166
zinc,3,representatives,0.8453856795828298
zinc,4,temporary,0.8180849253207411
zinc,5,treasury,0.582016490957975
zinc,6,worse,0.5743309503968779
zinc,7,pact,0.5073572727277703
zinc,8,irving,0.5022766051621668
zinc,9,shares,0.47271975831634083
zinc,10,rate,0.4635597827113217
orange,1,sunday,2.5234030066544695
orange,2,greek,2.0388881459840023
orange,3,preventing,2.005139410121848
orange,4,sunday greek,1.8959206073620618
orange,5,559,1.624499568934891
orange,6,285,1.0671447811129824
orange,7,soviet,0.9471486788684155
orange,8,managing,0.8805019844247974
orange,9,semi,0.8253393002572296
orange,10,run,0.8109157984833532
pet-chem,1,showers,1.5012833071801972
pet-chem,2,hit,1.3155100306139331
pet-chem,3,tell,1.175555763199333
pet-chem,4,certain,1.0582241255745415
pet-chem,5,representatives,0.8600830743543548
pet-chem,6,shr,0.8073305897752941
pet-chem,7,overproduction,0.7083750478453293
pet-chem,8,stability,0.7005661536569534
pet-chem,9,miguel,0.6378926047596788
pet-chem,10,intended,0.6261721962697612
dlr,1,january,3.841062779295235
dlr,2,cut,2.2292254681368733
dlr,3,26,1.6898033884256953
dlr,4,stores,1.3927172550689628
dlr,5,118,1.34866312550618
dlr,6,approval,1.289464731419392
dlr,7,lowered,1.114887762711642
dlr,8,independent,0.996787281024091
dlr,9,companies,0.8598512575479403
dlr,10,question,0.8366129503485115
gas,1,diversify,1.4131130863006485
gas,2,45,1.2792318866579013
gas,3,produces,1.1986714990909852
gas,4,reason,0.9366767760219117
gas,5,ago,0.7784184056750331
gas,6,said 45,0.7750059424016325
gas,7,enter,0.7303815361325091
gas,8,pace,0.7210969227466224
gas,9,house,0.7120326774230529
gas,10,deposit,0.6923436424980078
silver,1,korea,2.0741488848386327
silver,2,substantial,1.089353804797495
silver,3,dlrs substantial,0.8950355997980725
silver,4,sell,0.6193315687829706
silver,5,debate,0.6135305041547536
silver,6,hundreds,0.590097817119926
silver,7,entire,0.5789451641604945
silver,8,policies,0.3945022194191977
silver,9,dlrs,0.3917354467333206
silver,10,company cts,0.32840977756515843
wpi,1,reuter,2.2764779168728686
wpi,2,148,2.159762924122354
wpi,3,preferred,2.138493612692272
wpi,4,rate,1.5726698117722167
wpi,5,148 april,1.400773466765235
wpi,6,reuter rate,1.2958219596718292
wpi,7,april preferred,1.1945443365209532
wpi,8,share,1.1843503373707274
wpi,9,000 cts,1.06762749187014
wpi,10,cts 000,1.0161704693004807
hog,1,dlrs port,1.7510963643781619
hog,2,dlrs,1.7256885387208205
hog,3,port run,1.592890329280794
hog,4,strait,1.5748725827330115
hog,5,dlrs told,1.4407471394648987
hog,6,186,1.22252435151344
hog,7,port,1.1778979848049733
hog,8,run,1.1383376115313344
hog,9,dlrs cts,0.9312793099922516
hog,10,1983,0.8809026000355764
lead,1,pact,1.5031102217402375
lead,2,compensate,1.0113404853599617
lead,3,prices representatives,0.9541377207661604
lead,4,ico,0.890259139210918
lead,5,platform,0.8100494131288336
lead,6,pct sharply,0.707364236442213
lead,7,representatives,0.7039479024629431
lead,8,oil owned,0.6797607337066465
lead,9,effective sec,0.652714324262081
lead,10,sec,0.6054307455958358
